<?xml version="1.0" encoding="UTF-8" standalone="yes"?>
<addon id="repository.stuartsbuildtest" name="stuarts build" version="1.0" provider-name="stuart">
	<extension point="xbmc.addon.repository" name="stuarts build">
		<info compressed="false">https://raw.githubusercontent.com/stujohaigh/stuartsbuildtest/master/addons.xml</info>
		<checksum>https://raw.githubusercontent.com/stujohaigh/stuartsbuildtest/master/addons.xml.md5</checksum>
		<datadir zip="true">https://raw.githubusercontent.com/stujohaigh/stuartsbuildtest/master/zips</datadir>
	</extension>
	<extension point="xbmc.addon.metadata">
		<summary>RayW1986's Repository</summary>
		<description>RayW1986's Repository. Includes the Indy Wrestling Network.</description>
		<platform>all</platform>
	</extension>
</addon>

