<?xml version="1.0" encoding="UTF-8" standalone="yes"?>
<addons>
<addon id="plugin.video.spartan" name="Stuarts Rebuild Wizard" version="1.1.0" provider-name="stuart">
  <requires>
    <import addon="xbmc.python" version="2.20.0"/>
  </requires>
  <extension point="xbmc.python.pluginsource" library="default.py">
        <provides>script executable</provides>
  </extension>
  <extension point="xbmc.addon.metadata">
		<summary lang="en">Stuarts Rebuild Wizard</summary>
		<description lang="en">In this wizard you will find the latest Stuarts Rebuild build</description>
		<disclaimer lang="en">Updates included are the following: this is the final look for this build. Addons only after this</disclaimer>
		<forum></forum>
		<source></source>
		<website></website>
		<platform>all</platform>
	</extension>
</addon>